{
    "transcripts": {
        "Format": "FASTA",
        "Type": "DNA",
        "# Seqs": 0.009625,
        "Total Length": 8.171600999999999,
        "Min Length": 201.0,
        "Avg Length": 849.0,
        "Q1 Length": 310.0,
        "Median Length": 588.0,
        "Q3 Length": 1172.0,
        "Max Length": 8200.0,
        "Gaps": 0.0,
        "N50": 1285.0,
        "N50 Count": 1176.0,
        "Q20%": 0.0,
        "Q30%": 0.0,
        "Avg Quality": 0.0,
        "GC%": 39.19,
        "# N Bases": 0.0
    }
}