{
    "SNF2KO_01": {
        "Total records": 0.557736,
        "QC failed": 0.0,
        "Duplicates": 0.0,
        "Non primary hit": 0.057735999999999996,
        "Unmapped": 0.013810999999999999,
        "Unique": 0.445986,
        "+ve strand": 0.223719,
        "-ve strand": 0.222267,
        "Non-splice reads": 0.441997,
        "Splice reads": 0.0039889999999999995
    },
    "SNF2KO_02": {
        "Total records": 0.594305,
        "QC failed": 0.0,
        "Duplicates": 0.0,
        "Non primary hit": 0.094305,
        "Unmapped": 0.016592,
        "Unique": 0.40823,
        "+ve strand": 0.204503,
        "-ve strand": 0.203727,
        "Non-splice reads": 0.40403999999999995,
        "Splice reads": 0.00419
    },
    "SNF2KO_03": {
        "Total records": 0.555912,
        "QC failed": 0.0,
        "Duplicates": 0.0,
        "Non primary hit": 0.055911999999999996,
        "Unmapped": 0.016279,
        "Unique": 0.443693,
        "+ve strand": 0.22229,
        "-ve strand": 0.221403,
        "Non-splice reads": 0.43771899999999997,
        "Splice reads": 0.005974
    },
    "SNF2KO_04": {
        "Total records": 0.6310709999999999,
        "QC failed": 0.0,
        "Duplicates": 0.0,
        "Non primary hit": 0.131071,
        "Unmapped": 0.00885,
        "Unique": 0.381764,
        "+ve strand": 0.191551,
        "-ve strand": 0.190213,
        "Non-splice reads": 0.37907399999999997,
        "Splice reads": 0.0026899999999999997
    },
    "SNF2KO_05": {
        "Total records": 0.565834,
        "QC failed": 0.0,
        "Duplicates": 0.0,
        "Non primary hit": 0.065834,
        "Unmapped": 0.017155999999999998,
        "Unique": 0.43447199999999997,
        "+ve strand": 0.21795299999999998,
        "-ve strand": 0.216519,
        "Non-splice reads": 0.431172,
        "Splice reads": 0.0033
    },
    "SNF2KO_06": {
        "Total records": 0.5597099999999999,
        "QC failed": 0.0,
        "Duplicates": 0.0,
        "Non primary hit": 0.05971,
        "Unmapped": 0.017484,
        "Unique": 0.43920699999999996,
        "+ve strand": 0.219912,
        "-ve strand": 0.219295,
        "Non-splice reads": 0.434258,
        "Splice reads": 0.004948999999999999
    },
    "SNF2KO_07": {
        "Total records": 0.5609069999999999,
        "QC failed": 0.0,
        "Duplicates": 0.0,
        "Non primary hit": 0.060906999999999996,
        "Unmapped": 0.018113,
        "Unique": 0.43928599999999995,
        "+ve strand": 0.21992299999999998,
        "-ve strand": 0.219363,
        "Non-splice reads": 0.435751,
        "Splice reads": 0.003535
    },
    "SNF2KO_08": {
        "Total records": 0.5796399999999999,
        "QC failed": 0.0,
        "Duplicates": 0.0,
        "Non primary hit": 0.07964,
        "Unmapped": 0.018747,
        "Unique": 0.42004199999999997,
        "+ve strand": 0.20982299999999998,
        "-ve strand": 0.210219,
        "Non-splice reads": 0.415578,
        "Splice reads": 0.004464
    },
    "SNF2KO_09": {
        "Total records": 0.5603,
        "QC failed": 0.0,
        "Duplicates": 0.0,
        "Non primary hit": 0.0603,
        "Unmapped": 0.016151,
        "Unique": 0.44052199999999997,
        "+ve strand": 0.22078699999999998,
        "-ve strand": 0.21973499999999999,
        "Non-splice reads": 0.435177,
        "Splice reads": 0.005345
    },
    "SNF2KO_10": {
        "Total records": 0.558666,
        "QC failed": 0.0,
        "Duplicates": 0.0,
        "Non primary hit": 0.058665999999999996,
        "Unmapped": 0.016148,
        "Unique": 0.441362,
        "+ve strand": 0.220966,
        "-ve strand": 0.22039599999999998,
        "Non-splice reads": 0.43499299999999996,
        "Splice reads": 0.006369
    },
    "SNF2KO_11": {
        "Total records": 0.559407,
        "QC failed": 0.0,
        "Duplicates": 0.0,
        "Non primary hit": 0.059406999999999995,
        "Unmapped": 0.019663,
        "Unique": 0.43816,
        "+ve strand": 0.219801,
        "-ve strand": 0.218359,
        "Non-splice reads": 0.43484799999999996,
        "Splice reads": 0.003312
    },
    "SNF2KO_12": {
        "Total records": 0.555021,
        "QC failed": 0.0,
        "Duplicates": 0.0,
        "Non primary hit": 0.055021,
        "Unmapped": 0.015111,
        "Unique": 0.445945,
        "+ve strand": 0.223517,
        "-ve strand": 0.222428,
        "Non-splice reads": 0.44244999999999995,
        "Splice reads": 0.003495
    },
    "WT_01": {
        "Total records": 0.579033,
        "QC failed": 0.0,
        "Duplicates": 0.0,
        "Non primary hit": 0.07903299999999999,
        "Unmapped": 0.018092999999999998,
        "Unique": 0.427429,
        "+ve strand": 0.215085,
        "-ve strand": 0.21234399999999998,
        "Non-splice reads": 0.42357,
        "Splice reads": 0.003859
    },
    "WT_02": {
        "Total records": 0.584388,
        "QC failed": 0.0,
        "Duplicates": 0.0,
        "Non primary hit": 0.08438799999999999,
        "Unmapped": 0.01507,
        "Unique": 0.424906,
        "+ve strand": 0.213703,
        "-ve strand": 0.211203,
        "Non-splice reads": 0.418969,
        "Splice reads": 0.005937
    },
    "WT_03": {
        "Total records": 0.580274,
        "QC failed": 0.0,
        "Duplicates": 0.0,
        "Non primary hit": 0.080274,
        "Unmapped": 0.020297,
        "Unique": 0.421352,
        "+ve strand": 0.212087,
        "-ve strand": 0.20926499999999998,
        "Non-splice reads": 0.415952,
        "Splice reads": 0.005399999999999999
    },
    "WT_04": {
        "Total records": 0.578606,
        "QC failed": 0.0,
        "Duplicates": 0.0,
        "Non primary hit": 0.078606,
        "Unmapped": 0.014185999999999999,
        "Unique": 0.431922,
        "+ve strand": 0.217138,
        "-ve strand": 0.214784,
        "Non-splice reads": 0.42785799999999996,
        "Splice reads": 0.004064
    },
    "WT_05": {
        "Total records": 0.5828,
        "QC failed": 0.0,
        "Duplicates": 0.0,
        "Non primary hit": 0.0828,
        "Unmapped": 0.015491999999999999,
        "Unique": 0.42786599999999997,
        "+ve strand": 0.21301099999999998,
        "-ve strand": 0.214855,
        "Non-splice reads": 0.42386799999999997,
        "Splice reads": 0.003998
    },
    "WT_06": {
        "Total records": 0.5723619999999999,
        "QC failed": 0.0,
        "Duplicates": 0.0,
        "Non primary hit": 0.072362,
        "Unmapped": 0.012518,
        "Unique": 0.43825,
        "+ve strand": 0.219497,
        "-ve strand": 0.218753,
        "Non-splice reads": 0.43315699999999996,
        "Splice reads": 0.0050929999999999994
    },
    "WT_07": {
        "Total records": 0.5779909999999999,
        "QC failed": 0.0,
        "Duplicates": 0.0,
        "Non primary hit": 0.07799099999999999,
        "Unmapped": 0.015004,
        "Unique": 0.43071299999999996,
        "+ve strand": 0.2155,
        "-ve strand": 0.215213,
        "Non-splice reads": 0.426126,
        "Splice reads": 0.004587
    },
    "WT_08": {
        "Total records": 0.583896,
        "QC failed": 0.0,
        "Duplicates": 0.0,
        "Non primary hit": 0.083896,
        "Unmapped": 0.015366,
        "Unique": 0.425594,
        "+ve strand": 0.21282199999999998,
        "-ve strand": 0.212772,
        "Non-splice reads": 0.419529,
        "Splice reads": 0.006065
    },
    "WT_09": {
        "Total records": 0.5803309999999999,
        "QC failed": 0.0,
        "Duplicates": 0.0,
        "Non primary hit": 0.080331,
        "Unmapped": 0.013760999999999999,
        "Unique": 0.42822,
        "+ve strand": 0.21394,
        "-ve strand": 0.21428,
        "Non-splice reads": 0.42242799999999997,
        "Splice reads": 0.005791999999999999
    },
    "WT_10": {
        "Total records": 0.6119899999999999,
        "QC failed": 0.0,
        "Duplicates": 0.0,
        "Non primary hit": 0.11198999999999999,
        "Unmapped": 0.017407,
        "Unique": 0.398816,