{
    "SNF2KO_01": {
        "Total records": 0.557767,
        "QC failed": 0.0,
        "Duplicates": 0.0,
        "Non primary hit": 0.057767,
        "Unmapped": 0.013817999999999999,
        "Unique": 0.44597299999999995,
        "+ve strand": 0.223715,
        "-ve strand": 0.22225799999999998,
        "Non-splice reads": 0.44206599999999996,
        "Splice reads": 0.003907
    },
    "SNF2KO_02": {
        "Total records": 0.5943459999999999,
        "QC failed": 0.0,
        "Duplicates": 0.0,
        "Non primary hit": 0.094346,
        "Unmapped": 0.016597,
        "Unique": 0.408211,
        "+ve strand": 0.20449499999999998,
        "-ve strand": 0.20371599999999998,
        "Non-splice reads": 0.40413099999999996,
        "Splice reads": 0.004079999999999999
    },
    "SNF2KO_03": {
        "Total records": 0.555948,
        "QC failed": 0.0,
        "Duplicates": 0.0,
        "Non primary hit": 0.055948,
        "Unmapped": 0.016288999999999998,
        "Unique": 0.443675,
        "+ve strand": 0.22228499999999998,
        "-ve strand": 0.22139,
        "Non-splice reads": 0.437808,
        "Splice reads": 0.005867
    },
    "SNF2KO_04": {
        "Total records": 0.631087,
        "QC failed": 0.0,
        "Duplicates": 0.0,
        "Non primary hit": 0.13108699999999998,
        "Unmapped": 0.008856,
        "Unique": 0.381751,
        "+ve strand": 0.19155,
        "-ve strand": 0.19020099999999998,
        "Non-splice reads": 0.379129,
        "Splice reads": 0.0026219999999999998
    },
    "SNF2KO_05": {
        "Total records": 0.565863,
        "QC failed": 0.0,
        "Duplicates": 0.0,
        "Non primary hit": 0.06586299999999999,
        "Unmapped": 0.017162,
        "Unique": 0.43445799999999996,
        "+ve strand": 0.217949,
        "-ve strand": 0.21650899999999998,
        "Non-splice reads": 0.43121499999999996,
        "Splice reads": 0.003243
    },
    "SNF2KO_06": {
        "Total records": 0.559742,
        "QC failed": 0.0,
        "Duplicates": 0.0,
        "Non primary hit": 0.059741999999999996,
        "Unmapped": 0.017498,
        "Unique": 0.43918399999999996,
        "+ve strand": 0.219905,
        "-ve strand": 0.219279,
        "Non-splice reads": 0.434341,
        "Splice reads": 0.004843
    },
    "SNF2KO_07": {
        "Total records": 0.560913,
        "QC failed": 0.0,
        "Duplicates": 0.0,
        "Non primary hit": 0.060912999999999995,
        "Unmapped": 0.018122,
        "Unique": 0.439277,
        "+ve strand": 0.219918,
        "-ve strand": 0.219359,
        "Non-splice reads": 0.435801,
        "Splice reads": 0.003476
    },
    "SNF2KO_08": {
        "Total records": 0.579654,
        "QC failed": 0.0,
        "Duplicates": 0.0,
        "Non primary hit": 0.079654,
        "Unmapped": 0.018756,
        "Unique": 0.42002799999999996,
        "+ve strand": 0.20981899999999998,
        "-ve strand": 0.21020899999999998,
        "Non-splice reads": 0.415666,
        "Splice reads": 0.0043619999999999996
    },
    "SNF2KO_09": {
        "Total records": 0.56033,
        "QC failed": 0.0,
        "Duplicates": 0.0,
        "Non primary hit": 0.060329999999999995,
        "Unmapped": 0.016161,
        "Unique": 0.44050799999999996,
        "+ve strand": 0.22078299999999998,
        "-ve strand": 0.219725,
        "Non-splice reads": 0.43526699999999996,
        "Splice reads": 0.005241
    },
    "SNF2KO_10": {
        "Total records": 0.558723,
        "QC failed": 0.0,
        "Duplicates": 0.0,
        "Non primary hit": 0.058723,
        "Unmapped": 0.016163,
        "Unique": 0.441331,
        "+ve strand": 0.22095299999999998,
        "-ve strand": 0.220378,
        "Non-splice reads": 0.435092,
        "Splice reads": 0.006239
    },
    "SNF2KO_11": {
        "Total records": 0.559448,
        "QC failed": 0.0,
        "Duplicates": 0.0,
        "Non primary hit": 0.059447999999999994,
        "Unmapped": 0.019667999999999998,
        "Unique": 0.43815299999999996,
        "+ve strand": 0.219796,
        "-ve strand": 0.218357,
        "Non-splice reads": 0.43489,
        "Splice reads": 0.003263
    },
    "SNF2KO_12": {
        "Total records": 0.55503,
        "QC failed": 0.0,
        "Duplicates": 0.0,
        "Non primary hit": 0.055029999999999996,
        "Unmapped": 0.015115,
        "Unique": 0.445937,
        "+ve strand": 0.223515,
        "-ve strand": 0.22242199999999998,
        "Non-splice reads": 0.442515,
        "Splice reads": 0.0034219999999999997
    },
    "WT_01": {
        "Total records": 0.579051,
        "QC failed": 0.0,
        "Duplicates": 0.0,
        "Non primary hit": 0.079051,
        "Unmapped": 0.018102999999999998,
        "Unique": 0.427409,
        "+ve strand": 0.215075,
        "-ve strand": 0.212334,
        "Non-splice reads": 0.42363799999999996,
        "Splice reads": 0.0037709999999999996
    },
    "WT_02": {
        "Total records": 0.584409,
        "QC failed": 0.0,
        "Duplicates": 0.0,
        "Non primary hit": 0.084409,
        "Unmapped": 0.015077,
        "Unique": 0.42488099999999995,
        "+ve strand": 0.213702,
        "-ve strand": 0.21117899999999998,
        "Non-splice reads": 0.419076,
        "Splice reads": 0.005804999999999999
    },
    "WT_03": {
        "Total records": 0.580287,
        "QC failed": 0.0,
        "Duplicates": 0.0,
        "Non primary hit": 0.080287,
        "Unmapped": 0.020312,
        "Unique": 0.421324,
        "+ve strand": 0.212079,
        "-ve strand": 0.209245,
        "Non-splice reads": 0.41607,
        "Splice reads": 0.005254
    },
    "WT_04": {
        "Total records": 0.578639,
        "QC failed": 0.0,
        "Duplicates": 0.0,
        "Non primary hit": 0.078639,
        "Unmapped": 0.014192,
        "Unique": 0.4319,
        "+ve strand": 0.217131,
        "-ve strand": 0.214769,
        "Non-splice reads": 0.427926,
        "Splice reads": 0.003974
    },
    "WT_05": {
        "Total records": 0.582815,
        "QC failed": 0.0,
        "Duplicates": 0.0,
        "Non primary hit": 0.082815,
        "Unmapped": 0.015498999999999999,
        "Unique": 0.42785199999999995,
        "+ve strand": 0.213003,
        "-ve strand": 0.21484899999999998,
        "Non-splice reads": 0.423944,
        "Splice reads": 0.003908
    },
    "WT_06": {
        "Total records": 0.572369,
        "QC failed": 0.0,
        "Duplicates": 0.0,
        "Non primary hit": 0.072369,
        "Unmapped": 0.012527,
        "Unique": 0.43823799999999996,
        "+ve strand": 0.219495,
        "-ve strand": 0.218743,
        "Non-splice reads": 0.433235,
        "Splice reads": 0.005003
    },
    "WT_07": {
        "Total records": 0.578004,
        "QC failed": 0.0,
        "Duplicates": 0.0,
        "Non primary hit": 0.07800399999999999,
        "Unmapped": 0.015009999999999999,
        "Unique": 0.430703,
        "+ve strand": 0.215497,
        "-ve strand": 0.21520599999999998,
        "Non-splice reads": 0.42619199999999996,
        "Splice reads": 0.004510999999999999
    },
    "WT_08": {
        "Total records": 0.58392,
        "QC failed": 0.0,
        "Duplicates": 0.0,
        "Non primary hit": 0.08392,
        "Unmapped": 0.015375,
        "Unique": 0.425574,
        "+ve strand": 0.212814,
        "-ve strand": 0.21275999999999998,
        "Non-splice reads": 0.41963,
        "Splice reads": 0.005944
    },
    "WT_09": {
        "Total records": 0.580373,
        "QC failed": 0.0,
        "Duplicates": 0.0,
        "Non primary hit": 0.080373,
        "Unmapped": 0.013769,
        "Unique": 0.42820199999999997,
        "+ve strand": 0.21393099999999998,
        "-ve strand": 0.214271,
        "Non-splice reads": 0.42253399999999997,
        "Splice reads": 0.005667999999999999
    },
    "WT_10": {
        "Total records": 0.612032,
        "QC failed": 0.0,
        "Duplicates": 0.0,
        "Non primary hit": 0.11203199999999999,
        "Unmapped": 0.017414,