{
    "SNF2KO_01": {
        "Total records": 0.557797,
        "QC failed": 0.0,
        "Duplicates": 0.0,
        "Non primary hit": 0.057796999999999994,
        "Unmapped": 0.013826999999999999,
        "Unique": 0.445961,
        "+ve strand": 0.223712,
        "-ve strand": 0.222249,
        "Non-splice reads": 0.442152,
        "Splice reads": 0.003809
    },
    "SNF2KO_02": {
        "Total records": 0.59438,
        "QC failed": 0.0,
        "Duplicates": 0.0,
        "Non primary hit": 0.09437999999999999,
        "Unmapped": 0.016607999999999998,
        "Unique": 0.40819,
        "+ve strand": 0.204486,
        "-ve strand": 0.203704,
        "Non-splice reads": 0.404205,
        "Splice reads": 0.003985
    },
    "SNF2KO_03": {
        "Total records": 0.555987,
        "QC failed": 0.0,
        "Duplicates": 0.0,
        "Non primary hit": 0.055986999999999995,
        "Unmapped": 0.016302999999999998,
        "Unique": 0.443652,
        "+ve strand": 0.222277,
        "-ve strand": 0.221375,
        "Non-splice reads": 0.437917,
        "Splice reads": 0.005735
    },
    "SNF2KO_04": {
        "Total records": 0.631104,
        "QC failed": 0.0,
        "Duplicates": 0.0,
        "Non primary hit": 0.131104,
        "Unmapped": 0.008865999999999999,
        "Unique": 0.381733,
        "+ve strand": 0.191541,
        "-ve strand": 0.190192,
        "Non-splice reads": 0.379177,
        "Splice reads": 0.0025559999999999997
    },
    "SNF2KO_05": {
        "Total records": 0.5659029999999999,
        "QC failed": 0.0,
        "Duplicates": 0.0,
        "Non primary hit": 0.065903,
        "Unmapped": 0.017172,
        "Unique": 0.434438,
        "+ve strand": 0.217941,
        "-ve strand": 0.216497,
        "Non-splice reads": 0.431263,
        "Splice reads": 0.003175
    },
    "SNF2KO_06": {
        "Total records": 0.559767,
        "QC failed": 0.0,
        "Duplicates": 0.0,
        "Non primary hit": 0.059767,
        "Unmapped": 0.017506,
        "Unique": 0.439172,
        "+ve strand": 0.21989799999999998,
        "-ve strand": 0.219274,
        "Non-splice reads": 0.43445,
        "Splice reads": 0.004722
    },
    "SNF2KO_07": {
        "Total records": 0.560921,
        "QC failed": 0.0,
        "Duplicates": 0.0,
        "Non primary hit": 0.060920999999999996,
        "Unmapped": 0.018126,
        "Unique": 0.43927099999999997,
        "+ve strand": 0.219917,
        "-ve strand": 0.219354,
        "Non-splice reads": 0.435869,
        "Splice reads": 0.0034019999999999996
    },
    "SNF2KO_08": {
        "Total records": 0.579664,
        "QC failed": 0.0,
        "Duplicates": 0.0,
        "Non primary hit": 0.079664,
        "Unmapped": 0.018761,
        "Unique": 0.420022,
        "+ve strand": 0.209815,
        "-ve strand": 0.21020699999999998,
        "Non-splice reads": 0.415753,
        "Splice reads": 0.004269
    },
    "SNF2KO_09": {
        "Total records": 0.5603509999999999,
        "QC failed": 0.0,
        "Duplicates": 0.0,
        "Non primary hit": 0.060350999999999995,
        "Unmapped": 0.016177,
        "Unique": 0.44049099999999997,
        "+ve strand": 0.220779,
        "-ve strand": 0.219712,
        "Non-splice reads": 0.435378,
        "Splice reads": 0.0051129999999999995
    },
    "SNF2KO_10": {
        "Total records": 0.558763,
        "QC failed": 0.0,
        "Duplicates": 0.0,
        "Non primary hit": 0.058762999999999996,
        "Unmapped": 0.016172,
        "Unique": 0.44131299999999996,
        "+ve strand": 0.220946,
        "-ve strand": 0.22036699999999998,
        "Non-splice reads": 0.435191,
        "Splice reads": 0.006122
    },
    "SNF2KO_11": {
        "Total records": 0.559476,
        "QC failed": 0.0,
        "Duplicates": 0.0,
        "Non primary hit": 0.059475999999999994,
        "Unmapped": 0.019672,
        "Unique": 0.438146,
        "+ve strand": 0.219792,
        "-ve strand": 0.218354,
        "Non-splice reads": 0.434955,
        "Splice reads": 0.003191
    },
    "SNF2KO_12": {
        "Total records": 0.555036,
        "QC failed": 0.0,
        "Duplicates": 0.0,
        "Non primary hit": 0.055035999999999995,
        "Unmapped": 0.015123,
        "Unique": 0.44593099999999997,
        "+ve strand": 0.22350899999999999,
        "-ve strand": 0.22242199999999998,
        "Non-splice reads": 0.44257599999999997,
        "Splice reads": 0.003355
    },
    "WT_01": {
        "Total records": 0.57907,
        "QC failed": 0.0,
        "Duplicates": 0.0,
        "Non primary hit": 0.07907,
        "Unmapped": 0.018112,
        "Unique": 0.42739,
        "+ve strand": 0.21506599999999998,
        "-ve strand": 0.21232399999999998,
        "Non-splice reads": 0.423715,
        "Splice reads": 0.003675
    },
    "WT_02": {
        "Total records": 0.584415,
        "QC failed": 0.0,
        "Duplicates": 0.0,
        "Non primary hit": 0.08441499999999999,
        "Unmapped": 0.015087,
        "Unique": 0.42486599999999997,
        "+ve strand": 0.213692,
        "-ve strand": 0.211174,
        "Non-splice reads": 0.41916499999999995,
        "Splice reads": 0.0057009999999999995
    },
    "WT_03": {
        "Total records": 0.580298,
        "QC failed": 0.0,
        "Duplicates": 0.0,
        "Non primary hit": 0.080298,
        "Unmapped": 0.020321,
        "Unique": 0.42130799999999996,
        "+ve strand": 0.21207199999999998,
        "-ve strand": 0.20923599999999998,
        "Non-splice reads": 0.41616,
        "Splice reads": 0.005148
    },
    "WT_04": {
        "Total records": 0.578664,
        "QC failed": 0.0,
        "Duplicates": 0.0,
        "Non primary hit": 0.078664,
        "Unmapped": 0.014199,
        "Unique": 0.431882,
        "+ve strand": 0.21712099999999998,
        "-ve strand": 0.21476099999999998,
        "Non-splice reads": 0.428016,
        "Splice reads": 0.0038659999999999996
    },
    "WT_05": {
        "Total records": 0.5828289999999999,
        "QC failed": 0.0,
        "Duplicates": 0.0,
        "Non primary hit": 0.082829,
        "Unmapped": 0.015505,
        "Unique": 0.427842,
        "+ve strand": 0.213,
        "-ve strand": 0.21484199999999998,
        "Non-splice reads": 0.42401099999999997,
        "Splice reads": 0.0038309999999999998
    },
    "WT_06": {
        "Total records": 0.572391,
        "QC failed": 0.0,
        "Duplicates": 0.0,
        "Non primary hit": 0.072391,
        "Unmapped": 0.012542999999999999,
        "Unique": 0.438216,
        "+ve strand": 0.21948099999999998,
        "-ve strand": 0.21873499999999998,
        "Non-splice reads": 0.43332099999999996,
        "Splice reads": 0.004895
    },
    "WT_07": {
        "Total records": 0.5780179999999999,
        "QC failed": 0.0,
        "Duplicates": 0.0,
        "Non primary hit": 0.07801799999999999,
        "Unmapped": 0.015011,
        "Unique": 0.430697,
        "+ve strand": 0.215495,
        "-ve strand": 0.21520199999999998,
        "Non-splice reads": 0.42627699999999996,
        "Splice reads": 0.0044199999999999995
    },
    "WT_08": {
        "Total records": 0.5839449999999999,
        "QC failed": 0.0,
        "Duplicates": 0.0,
        "Non primary hit": 0.08394499999999999,
        "Unmapped": 0.015389,
        "Unique": 0.425546,
        "+ve strand": 0.212807,
        "-ve strand": 0.21273899999999998,
        "Non-splice reads": 0.41973699999999997,
        "Splice reads": 0.005809
    },
    "WT_09": {
        "Total records": 0.580427,
        "QC failed": 0.0,
        "Duplicates": 0.0,
        "Non primary hit": 0.080427,
        "Unmapped": 0.013777999999999999,
        "Unique": 0.428174,
        "+ve strand": 0.213916,
        "-ve strand": 0.214258,
        "Non-splice reads": 0.42263,
        "Splice reads": 0.0055439999999999994
    },
    "WT_10": {
        "Total records": 0.612081,
        "QC failed": 0.0,
        "Duplicates": 0.0,
        "Non primary hit": 0.112081,